user_id,workspace_id,first_name,last_name,email,role,country,created_at
USR000001,WS0023,Richard,Owens,richard.owens@example.com,Data Analyst,Burundi,2023-08-16
USR000002,WS0019,Charles,Davis,charles.davis@example.com,Product Owner,Guinea,2023-05-25
USR000003,WS0011,Michele,Lowery,michele.lowery@example.com,Data Analyst,Jordan,2021-09-09
USR000004,WS0022,Priscilla,Munoz,priscilla.munoz@example.com,Engineering Manager,Turkey,2024-12-12
USR000005,WS0015,Jacob,Lawrence,jacob.lawrence@example.com,QA Engineer,Monaco,2025-04-20
USR000006,WS0016,Stephanie,Blake,stephanie.blake@example.com,Business Analyst,Jordan,2023-08-16
USR000007,WS0019,Ricky,Wu,ricky.wu@example.com,Product Owner,Korea,2022-07-29
USR000008,WS0011,Christopher,Ellison,christopher.ellison@example.com,UI/UX Designer,Niger,2026-05-03
USR000009,WS0004,Daniel,Gonzalez,daniel.gonzalez@example.com,Product Manager,Marshall Islands,2023-05-23
USR000010,WS0024,Frederick,Hill,frederick.hill@example.com,Business Analyst,Cayman Islands,2022-07-18
USR000011,WS0016,Kevin,Robertson,kevin.robertson@example.com,Software Engineer,Monaco,2023-11-02
USR000012,WS0001,Kevin,Martinez,kevin.martinez@example.com,QA Engineer,Lao People's Democratic Republic,2022-06-24
USR000013,WS0028,Anthony,Briggs,anthony.briggs@example.com,Engineering Manager,Guernsey,2024-02-11
USR000014,WS0027,Kristin,Fox,kristin.fox@example.com,UI/UX Designer,France,2026-02-21
USR000015,WS0014,Samuel,Frazier,samuel.frazier@example.com,Product Manager,Brunei Darussalam,2022-01-11
USR000016,WS0010,Keith,Olson,keith.olson@example.com,Business Analyst,Reunion,2022-11-15
USR000017,WS0003,Robert,Lopez,robert.lopez@example.com,Product Manager,Guatemala,2024-12-08
USR000018,WS0002,Ruth,Nichols,ruth.nichols@example.com,UI/UX Designer,Georgia,2023-10-03
USR000019,WS0028,Lori,Edwards,lori.edwards@example.com,Business Analyst,Finland,2021-12-27
USR000020,WS0006,Jessica,Walker,jessica.walker@example.com,UI/UX Designer,Saint Lucia,2025-11-07
USR000021,WS0002,Eric,Garcia,eric.garcia@example.com,Business Analyst,Sri Lanka,2023-11-12
USR000022,WS0012,Christine,Jennings,christine.jennings@example.com,Product Owner,Belize,2023-03-25
USR000023,WS0030,Rebecca,Morris,rebecca.morris@example.com,QA Engineer,Antigua and Barbuda,2022-07-15
USR000024,WS0027,Teresa,Lewis,teresa.lewis@example.com,Software Engineer,Gibraltar,2023-04-18
USR000025,WS0021,Adam,Scott,adam.scott@example.com,Engineering Manager,Uganda,2024-11-06
USR000026,WS0012,Joseph,Patrick,joseph.patrick@example.com,Business Analyst,Timor-Leste,2021-09-29
USR000027,WS0027,Shawn,Jones,shawn.jones@example.com,QA Engineer,Portugal,2025-06-08
USR000028,WS0001,Jonathan,Gomez,jonathan.gomez@example.com,Business Analyst,United Kingdom,2026-04-25
USR000029,WS0004,Jason,Wade,jason.wade@example.com,UI/UX Designer,Barbados,2023-10-04
USR000030,WS0010,Debra,Smith,debra.smith@example.com,Product Owner,Malawi,2026-03-20
USR000031,WS0023,Jennifer,Zamora,jennifer.zamora@example.com,Software Engineer,Samoa,2026-02-10
USR000032,WS0014,Robert,Dyer,robert.dyer@example.com,Data Analyst,China,2025-07-05
USR000033,WS0016,Mike,Miller,mike.miller@example.com,Software Engineer,Kenya,2026-07-21
USR000034,WS0022,Karen,Smith,karen.smith@example.com,QA Engineer,Djibouti,2022-10-03
USR000035,WS0005,Justin,Mason,justin.mason@example.com,UI/UX Designer,San Marino,2024-04-29
USR000036,WS0010,Sue,Leonard,sue.leonard@example.com,QA Engineer,Malawi,2024-08-24
USR000037,WS0007,Austin,Pratt,austin.pratt@example.com,QA Engineer,Armenia,2023-06-18
USR000038,WS0003,Allison,Romero,allison.romero@example.com,Engineering Manager,Tokelau,2023-11-30
USR000039,WS0017,Jose,Ross,jose.ross@example.com,QA Engineer,Zambia,2026-03-30
USR000040,WS0029,Paul,Myers,paul.myers@example.com,Product Manager,Korea,2024-06-04
USR000041,WS0022,Jessica,Vasquez,jessica.vasquez@example.com,Software Engineer,Cayman Islands,2024-01-23
USR000042,WS0016,Michael,Garcia,michael.garcia@example.com,Software Engineer,Mozambique,2025-05-21
USR000043,WS0029,Yvonne,Thomas,yvonne.thomas@example.com,UI/UX Designer,Antigua and Barbuda,2024-04-25
USR000044,WS0015,Elizabeth,Ross,elizabeth.ross@example.com,Engineering Manager,Uruguay,2025-09-29
USR000045,WS0030,Samantha,Sullivan,samantha.sullivan@example.com,Data Analyst,Bouvet Island (Bouvetoya),2024-01-11
USR000046,WS0023,Frank,Kaufman,frank.kaufman@example.com,Product Manager,Thailand,2023-03-29
USR000047,WS0018,Gabriel,James,gabriel.james@example.com,Software Engineer,Uzbekistan,2025-03-17
USR000048,WS0009,David,Deleon,david.deleon@example.com,UI/UX Designer,Ethiopia,2022-12-24
USR000049,WS0008,Teresa,Bryant,teresa.bryant@example.com,Business Analyst,Saint Barthelemy,2025-05-01
USR000050,WS0001,Christina,Perry,christina.perry@example.com,Software Engineer,Saint Lucia,2023-11-12
USR000051,WS0018,Darlene,Atkinson,darlene.atkinson@example.com,QA Engineer,Belarus,2024-08-09
USR000052,WS0024,Erin,Holden,erin.holden@example.com,Product Owner,Croatia,2023-02-20
USR000053,WS0026,Jacob,Spence,jacob.spence@example.com,UI/UX Designer,United States of America,2024-10-22
USR000054,WS0015,Mary,Gillespie,mary.gillespie@example.com,QA Engineer,Kazakhstan,2021-10-23
USR000055,WS0023,Michael,Burgess,michael.burgess@example.com,UI/UX Designer,Micronesia,2025-07-14
USR000056,WS0001,David,Carlson,david.carlson@example.com,Engineering Manager,Saint Pierre and Miquelon,2024-10-04
USR000057,WS0019,Matthew,Hull,matthew.hull@example.com,Business Analyst,Azerbaijan,2022-12-11
USR000058,WS0018,Carlos,Evans,carlos.evans@example.com,UI/UX Designer,Palau,2026-06-25
USR000059,WS0010,Jonathon,Knight,jonathon.knight@example.com,Product Manager,Guernsey,2023-05-24
USR000060,WS0021,Alison,Lowe,alison.lowe@example.com,Data Analyst,Grenada,2022-02-07
USR000061,WS0007,Vanessa,Murray,vanessa.murray@example.com,UI/UX Designer,Netherlands,2022-10-17
USR000062,WS0015,Anthony,Smith,anthony.smith@example.com,Data Analyst,Burundi,2025-09-06
USR000063,WS0003,Pedro,Chang,pedro.chang@example.com,Business Analyst,Philippines,2022-04-15
USR000064,WS0018,Melinda,Vaughan,melinda.vaughan@example.com,Software Engineer,Botswana,2022-02-13
USR000065,WS0011,Mary,Mora,mary.mora@example.com,Data Analyst,Swaziland,2024-07-03
USR000066,WS0027,Abigail,Brooks,abigail.brooks@example.com,QA Engineer,Reunion,2025-11-18
USR000067,WS0022,Sarah,Vaughn,sarah.vaughn@example.com,QA Engineer,Poland,2023-01-08
USR000068,WS0026,Jeremiah,Anderson,jeremiah.anderson@example.com,Data Analyst,Saint Kitts and Nevis,2022-01-08
USR000069,WS0019,Jeffrey,White,jeffrey.white@example.com,Engineering Manager,Croatia,2024-11-09
USR000070,WS0025,Gregory,Shaffer,gregory.shaffer@example.com,Business Analyst,Madagascar,2022-01-25
USR000071,WS0012,Kimberly,Wang,kimberly.wang@example.com,QA Engineer,Anguilla,2025-05-02
USR000072,WS0023,Michele,Lewis,michele.lewis@example.com,Engineering Manager,Mexico,2023-03-05
USR000073,WS0030,Cynthia,Watkins,cynthia.watkins@example.com,UI/UX Designer,Tunisia,2024-01-30
USR000074,WS0003,Susan,Bailey,susan.bailey@example.com,Business Analyst,Maldives,2021-10-22
USR000075,WS0021,Ian,Eaton,ian.eaton@example.com,Engineering Manager,Algeria,2021-12-19
USR000076,WS0016,Thomas,Parsons,thomas.parsons@example.com,Software Engineer,Tonga,2024-06-20
USR000077,WS0026,Ronnie,Mccormick,ronnie.mccormick@example.com,QA Engineer,Slovakia (Slovak Republic),2023-03-08
USR000078,WS0014,Jessica,Rios,jessica.rios@example.com,Software Engineer,Macao,2023-07-26
USR000079,WS0003,Jermaine,Henderson,jermaine.henderson@example.com,QA Engineer,Mali,2022-12-24
USR000080,WS0026,Glenn,Peterson,glenn.peterson@example.com,Software Engineer,Monaco,2021-11-12
USR000081,WS0025,Rebekah,Hamilton,rebekah.hamilton@example.com,UI/UX Designer,Northern Mariana Islands,2023-03-11
USR000082,WS0001,Kendra,Jimenez,kendra.jimenez@example.com,Product Owner,Vanuatu,2022-09-04
USR000083,WS0027,Gregory,Garcia,gregory.garcia@example.com,Business Analyst,Brunei Darussalam,2025-12-09
USR000084,WS0026,Kenneth,Ortiz,kenneth.ortiz@example.com,UI/UX Designer,Vanuatu,2023-12-16
USR000085,WS0022,Mark,Evans,mark.evans@example.com,UI/UX Designer,Northern Mariana Islands,2025-05-03
USR000086,WS0006,Edward,Schroeder,edward.schroeder@example.com,Product Manager,Guadeloupe,2023-02-03
USR000087,WS0003,Elizabeth,Kaiser,elizabeth.kaiser@example.com,Software Engineer,Haiti,2024-12-13
USR000088,WS0009,Cheyenne,Yoder,cheyenne.yoder@example.com,Data Analyst,China,2022-06-05
USR000089,WS0009,Matthew,Johnson,matthew.johnson@example.com,UI/UX Designer,Seychelles,2025-02-27
USR000090,WS0002,Craig,Pacheco,craig.pacheco@example.com,Business Analyst,Nepal,2025-04-10
USR000091,WS0013,Corey,Green,corey.green@example.com,UI/UX Designer,Jersey,2024-01-16
USR000092,WS0027,Monica,Payne,monica.payne@example.com,Engineering Manager,Chile,2024-05-17
USR000093,WS0020,David,Crawford,david.crawford@example.com,Data Analyst,Switzerland,2023-09-10
USR000094,WS0013,Sergio,Reid,sergio.reid@example.com,UI/UX Designer,Jamaica,2022-03-27
USR000095,WS0008,Jessica,Collins,jessica.collins@example.com,Engineering Manager,South Africa,2025-10-05
USR000096,WS0026,Gary,Bradley,gary.bradley@example.com,QA Engineer,Ireland,2022-05-30
USR000097,WS0012,Melinda,Powers,melinda.powers@example.com,Business Analyst,Fiji,2022-10-12
USR000098,WS0022,Meredith,Owens,meredith.owens@example.com,QA Engineer,Turks and Caicos Islands,2023-08-24
USR000099,WS0009,Stephen,Brooks,stephen.brooks@example.com,Engineering Manager,Belarus,2025-02-12
USR000100,WS0013,Monica,Barr,monica.barr@example.com,QA Engineer,Botswana,2023-07-22
USR000101,WS0013,Ashley,Adams,ashley.adams@example.com,UI/UX Designer,Benin,2022-03-27
USR000102,WS0027,Curtis,Spencer,curtis.spencer@example.com,Product Owner,Grenada,2025-01-20
USR000103,WS0024,Roger,Pena,roger.pena@example.com,Product Owner,Kazakhstan,2021-10-28
USR000104,WS0026,Elizabeth,Bruce,elizabeth.bruce@example.com,Engineering Manager,San Marino,2023-11-22
USR000105,WS0012,Henry,Kelley,henry.kelley@example.com,Software Engineer,Romania,2022-08-20
USR000106,WS0024,Mark,Pittman,mark.pittman@example.com,Software Engineer,French Guiana,2022-05-11
USR000107,WS0022,Christopher,Johnson,christopher.johnson@example.com,Engineering Manager,Benin,2025-07-12
USR000108,WS0014,Stephen,Miller,stephen.miller@example.com,Software Engineer,Trinidad and Tobago,2023-10-02
USR000109,WS0007,Jeffrey,Gutierrez,jeffrey.gutierrez@example.com,Engineering Manager,Morocco,2022-06-26
USR000110,WS0002,Kevin,Golden,kevin.golden@example.com,Data Analyst,Togo,2022-04-03
USR000111,WS0013,Evelyn,Haynes,evelyn.haynes@example.com,Product Owner,Saint Vincent and the Grenadines,2025-12-14
USR000112,WS0007,Jeff,Campbell,jeff.campbell@example.com,Product Owner,Belgium,2024-09-17
USR000113,WS0014,Martin,Wilson,martin.wilson@example.com,Product Manager,Mexico,2025-12-17
USR000114,WS0020,John,Burke,john.burke@example.com,Software Engineer,Indonesia,2026-07-12
USR000115,WS0003,Brian,Vasquez,brian.vasquez@example.com,UI/UX Designer,Christmas Island,2022-07-31
USR000116,WS0023,Ralph,Brown,ralph.brown@example.com,QA Engineer,Ukraine,2025-07-16
USR000117,WS0023,Kelli,Horton,kelli.horton@example.com,Product Manager,Bermuda,2023-10-07
USR000118,WS0017,Stephanie,Villa,stephanie.villa@example.com,Product Manager,Anguilla,2025-04-24
USR000119,WS0008,Shelby,Cohen,shelby.cohen@example.com,Product Owner,Nicaragua,2023-07-14
USR000120,WS0008,Laurie,Jackson,laurie.jackson@example.com,Product Owner,Uganda,2023-11-13
USR000121,WS0018,Daniel,Pearson,daniel.pearson@example.com,Software Engineer,Kuwait,2024-11-28
USR000122,WS0005,Courtney,Powers,courtney.powers@example.com,Engineering Manager,Wallis and Futuna,2025-02-16
USR000123,WS0023,Amy,Morrow,amy.morrow@example.com,Product Owner,Mayotte,2025-07-10
USR000124,WS0024,William,Anderson,william.anderson@example.com,Data Analyst,Saint Lucia,2024-03-14
USR000125,WS0023,Kevin,Anderson,kevin.anderson@example.com,QA Engineer,Qatar,2025-05-02
USR000126,WS0026,Scott,Anderson,scott.anderson@example.com,Business Analyst,Mongolia,2026-04-26
USR000127,WS0021,Elizabeth,Roman,elizabeth.roman@example.com,Business Analyst,Bosnia and Herzegovina,2024-03-27
USR000128,WS0015,Teresa,Greene,teresa.greene@example.com,Software Engineer,Peru,2021-11-08
USR000129,WS0006,Patricia,Benson,patricia.benson@example.com,Business Analyst,Tajikistan,2025-03-09
USR000130,WS0018,Jeffrey,Hall,jeffrey.hall@example.com,Data Analyst,Mauritania,2021-12-18
USR000131,WS0011,Kimberly,Lewis,kimberly.lewis@example.com,UI/UX Designer,Monaco,2022-07-15
USR000132,WS0006,Monica,Perez,monica.perez@example.com,Product Manager,Holy See (Vatican City State),2022-05-16
USR000133,WS0005,Christopher,Rogers,christopher.rogers@example.com,UI/UX Designer,Gambia,2024-03-20
USR000134,WS0015,Ryan,Dougherty,ryan.dougherty@example.com,QA Engineer,San Marino,2023-08-28
USR000135,WS0008,Cassandra,Ramirez,cassandra.ramirez@example.com,QA Engineer,Iraq,2022-09-02
USR000136,WS0007,Edwin,Smith,edwin.smith@example.com,Software Engineer,Dominican Republic,2023-04-30
USR000137,WS0018,Joseph,Stewart,joseph.stewart@example.com,Business Analyst,Tunisia,2024-02-06
USR000138,WS0014,Kayla,Gordon,kayla.gordon@example.com,Product Owner,South Georgia and the South Sandwich Islands,2021-12-23
USR000139,WS0017,Kelsey,Nelson,kelsey.nelson@example.com,Data Analyst,Maldives,2024-07-25
USR000140,WS0009,Anna,Davis,anna.davis@example.com,Data Analyst,Belgium,2025-07-10
USR000141,WS0016,Charles,Romero,charles.romero@example.com,Product Owner,Bulgaria,2022-01-26
USR000142,WS0006,Catherine,Sloan,catherine.sloan@example.com,Data Analyst,Austria,2025-02-20
USR000143,WS0018,Jennifer,Williams,jennifer.williams@example.com,Software Engineer,Gabon,2025-07-21
USR000144,WS0016,Brandon,Cross,brandon.cross@example.com,Business Analyst,Solomon Islands,2024-04-14
USR000145,WS0017,Gary,Gibbs,gary.gibbs@example.com,Data Analyst,Mexico,2024-10-06
USR000146,WS0005,Shelby,Thompson,shelby.thompson@example.com,QA Engineer,Jamaica,2023-03-08
USR000147,WS0028,Brian,Robertson,brian.robertson@example.com,Product Owner,Grenada,2024-01-11
USR000148,WS0025,Jacob,Johnson,jacob.johnson@example.com,Product Manager,Korea,2021-11-15
USR000149,WS0023,Emily,Dickerson,emily.dickerson@example.com,Business Analyst,Poland,2022-07-06
USR000150,WS0010,Johnny,Vega,johnny.vega@example.com,Software Engineer,Cambodia,2022-01-18
USR000151,WS0029,Olivia,Bullock,olivia.bullock@example.com,Product Manager,Northern Mariana Islands,2022-12-12
USR000152,WS0026,Melissa,Herman,melissa.herman@example.com,Product Manager,Ghana,2025-08-01
USR000153,WS0019,Todd,Guzman,todd.guzman@example.com,Engineering Manager,Western Sahara,2024-06-19
USR000154,WS0006,Jack,Lopez,jack.lopez@example.com,UI/UX Designer,Jordan,2022-03-27
USR000155,WS0020,Adam,Gillespie,adam.gillespie@example.com,UI/UX Designer,Korea,2024-06-05
USR000156,WS0005,Melissa,Simmons,melissa.simmons@example.com,Data Analyst,Philippines,2025-03-27
USR000157,WS0026,Troy,Solomon,troy.solomon@example.com,Data Analyst,Latvia,2023-11-24
USR000158,WS0001,Linda,Estrada,linda.estrada@example.com,Software Engineer,Wallis and Futuna,2022-12-02
USR000159,WS0008,Thomas,Jones,thomas.jones@example.com,UI/UX Designer,French Southern Territories,2024-03-09
USR000160,WS0009,Jonathan,Cole,jonathan.cole@example.com,Engineering Manager,Syrian Arab Republic,2026-02-18
USR000161,WS0029,Matthew,Ford,matthew.ford@example.com,Product Manager,Saudi Arabia,2024-01-17
USR000162,WS0020,Sarah,Brown,sarah.brown@example.com,UI/UX Designer,Mauritania,2022-06-18
USR000163,WS0006,Linda,Ruiz,linda.ruiz@example.com,Product Manager,Bolivia,2024-10-28
USR000164,WS0025,Julie,Nguyen,julie.nguyen@example.com,Product Manager,Nigeria,2024-02-15
USR000165,WS0026,Nathan,Smith,nathan.smith@example.com,Product Owner,Poland,2022-01-02
USR000166,WS0029,Lance,Gilmore,lance.gilmore@example.com,UI/UX Designer,Saint Martin,2024-02-08
USR000167,WS0017,Jerry,Campbell,jerry.campbell@example.com,Product Manager,Monaco,2024-06-12
USR000168,WS0027,Angela,Reilly,angela.reilly@example.com,Data Analyst,Antarctica (the territory South of 60 deg S),2024-09-06
USR000169,WS0004,Ariel,Sullivan,ariel.sullivan@example.com,UI/UX Designer,Saint Barthelemy,2024-08-17
USR000170,WS0028,Ryan,Gardner,ryan.gardner@example.com,Data Analyst,Monaco,2023-04-21
USR000171,WS0010,Patricia,Dixon,patricia.dixon@example.com,Product Manager,Cyprus,2024-09-29
USR000172,WS0023,Shelby,Price,shelby.price@example.com,UI/UX Designer,French Southern Territories,2026-05-19
USR000173,WS0005,Laura,Bradley,laura.bradley@example.com,Product Manager,South Africa,2026-06-24
USR000174,WS0009,Jeffery,Velez,jeffery.velez@example.com,QA Engineer,Venezuela,2022-09-01
USR000175,WS0009,Zachary,Smith,zachary.smith@example.com,Software Engineer,Bhutan,2024-06-12
USR000176,WS0016,Darryl,Martinez,darryl.martinez@example.com,Business Analyst,Kuwait,2021-09-16
USR000177,WS0003,Albert,Nixon,albert.nixon@example.com,Product Manager,Benin,2025-10-06
USR000178,WS0020,Zachary,Lee,zachary.lee@example.com,Data Analyst,Bhutan,2026-01-09
USR000179,WS0008,Sheila,Murphy,sheila.murphy@example.com,Product Manager,Bosnia and Herzegovina,2021-10-28
USR000180,WS0007,Carmen,Chandler,carmen.chandler@example.com,UI/UX Designer,United States Virgin Islands,2024-02-24
USR000181,WS0009,Nicole,Cox,nicole.cox@example.com,Business Analyst,Jamaica,2023-05-11
USR000182,WS0020,Tara,Mccoy,tara.mccoy@example.com,Data Analyst,South Georgia and the South Sandwich Islands,2023-04-21
USR000183,WS0026,Andrew,Williams,andrew.williams@example.com,Product Owner,Micronesia,2025-11-19
USR000184,WS0014,Emily,Sanchez,emily.sanchez@example.com,Product Manager,Croatia,2024-05-18
USR000185,WS0016,Scott,Robbins,scott.robbins@example.com,Engineering Manager,Morocco,2025-06-04
USR000186,WS0019,Randy,Morton,randy.morton@example.com,Business Analyst,Nicaragua,2025-09-16
USR000187,WS0029,Sarah,Trujillo,sarah.trujillo@example.com,Data Analyst,Uzbekistan,2022-10-12
USR000188,WS0023,Diana,Haynes,diana.haynes@example.com,Data Analyst,Poland,2021-09-24
USR000189,WS0021,Max,Mann,max.mann@example.com,Engineering Manager,Togo,2022-12-24
USR000190,WS0006,Cody,Gonzalez,cody.gonzalez@example.com,Product Owner,Saint Lucia,2022-09-08
USR000191,WS0018,Nancy,Olson,nancy.olson@example.com,QA Engineer,Hungary,2023-11-09
USR000192,WS0014,Michael,Thompson,michael.thompson@example.com,Product Owner,San Marino,2022-06-25
USR000193,WS0014,James,Alvarez,james.alvarez@example.com,Software Engineer,Uruguay,2024-11-05
USR000194,WS0026,Taylor,Buchanan,taylor.buchanan@example.com,Software Engineer,Turkmenistan,2025-10-16
USR000195,WS0022,Beverly,Chaney,beverly.chaney@example.com,Product Manager,Tonga,2024-01-19
USR000196,WS0003,Heather,Taylor,heather.taylor@example.com,Product Owner,Tuvalu,2022-03-09
USR000197,WS0025,Robert,Morris,robert.morris@example.com,Engineering Manager,Romania,2024-04-21
USR000198,WS0006,Christie,Johnson,christie.johnson@example.com,UI/UX Designer,Nicaragua,2024-08-25
USR000199,WS0004,Bill,Kim,bill.kim@example.com,QA Engineer,Sao Tome and Principe,2023-08-21
USR000200,WS0014,Jason,Simmons,jason.simmons@example.com,Engineering Manager,Montserrat,2022-05-06
USR000201,WS0022,Katherine,Berger,katherine.berger@example.com,Product Manager,Moldova,2022-03-26
USR000202,WS0021,Joseph,Erickson,joseph.erickson@example.com,UI/UX Designer,Honduras,2026-03-30
USR000203,WS0026,Emma,Vasquez,emma.vasquez@example.com,UI/UX Designer,Israel,2023-12-25
USR000204,WS0019,David,Townsend,david.townsend@example.com,Product Manager,Tajikistan,2021-10-12
USR000205,WS0003,Thomas,Case,thomas.case@example.com,Software Engineer,Hungary,2024-06-20
USR000206,WS0019,Brian,Pittman,brian.pittman@example.com,UI/UX Designer,Belize,2024-12-24
USR000207,WS0009,Jessica,Hill,jessica.hill@example.com,QA Engineer,Bhutan,2026-01-01
USR000208,WS0019,April,Berg,april.berg@example.com,Data Analyst,Saint Kitts and Nevis,2024-10-29
USR000209,WS0011,Charles,Kerr,charles.kerr@example.com,Data Analyst,Vietnam,2021-12-04
USR000210,WS0016,Jennifer,Mitchell,jennifer.mitchell@example.com,QA Engineer,Guinea,2024-10-26
USR000211,WS0016,William,Brown,william.brown@example.com,Product Manager,Turkey,2022-08-10
USR000212,WS0030,Devin,Watts,devin.watts@example.com,Business Analyst,Taiwan,2026-05-11
USR000213,WS0023,Ellen,White,ellen.white@example.com,Software Engineer,Paraguay,2024-05-23
USR000214,WS0022,Andrew,Harper,andrew.harper@example.com,Product Manager,Liechtenstein,2026-06-05
USR000215,WS0015,Jean,Rivera,jean.rivera@example.com,Business Analyst,Canada,2023-02-25
USR000216,WS0006,Jared,Bryant,jared.bryant@example.com,QA Engineer,Morocco,2024-07-07
USR000217,WS0028,Kelly,Burns,kelly.burns@example.com,Data Analyst,Benin,2024-12-13
USR000218,WS0015,Patricia,Griffin,patricia.griffin@example.com,Engineering Manager,Saint Martin,2025-12-17
USR000219,WS0017,Theresa,Walton,theresa.walton@example.com,Data Analyst,Botswana,2025-01-02
USR000220,WS0027,Cassandra,Anthony,cassandra.anthony@example.com,Product Owner,El Salvador,2022-03-10
USR000221,WS0012,Ralph,Marquez,ralph.marquez@example.com,Product Owner,Uruguay,2021-07-30
USR000222,WS0022,Gregory,Davis,gregory.davis@example.com,Product Manager,Kenya,2022-10-13
USR000223,WS0028,Jimmy,Wilson,jimmy.wilson@example.com,Data Analyst,Saint Barthelemy,2022-09-30
USR000224,WS0009,Kenneth,Hart,kenneth.hart@example.com,Business Analyst,British Indian Ocean Territory (Chagos Archipelago),2022-11-09
USR000225,WS0011,Jeffrey,Johnson,jeffrey.johnson@example.com,Product Manager,Hungary,2023-12-26
USR000226,WS0028,Jerome,Gonzalez,jerome.gonzalez@example.com,UI/UX Designer,Brunei Darussalam,2023-02-07
USR000227,WS0021,Wendy,Hill,wendy.hill@example.com,UI/UX Designer,Guatemala,2021-07-25
USR000228,WS0003,Christopher,Williams,christopher.williams@example.com,Data Analyst,Sao Tome and Principe,2023-04-29
USR000229,WS0016,Cheyenne,Brown,cheyenne.brown@example.com,Product Owner,Anguilla,2022-08-26
USR000230,WS0010,Christopher,Huff,christopher.huff@example.com,Product Owner,Saint Kitts and Nevis,2026-02-27
USR000231,WS0013,James,Turner,james.turner@example.com,Product Manager,Tanzania,2024-01-09
USR000232,WS0019,Kristi,Ball,kristi.ball@example.com,Product Owner,Ethiopia,2021-11-29
USR000233,WS0025,Brandi,Olson,brandi.olson@example.com,Software Engineer,New Caledonia,2022-07-16
USR000234,WS0020,Desiree,Perez,desiree.perez@example.com,QA Engineer,Togo,2023-11-01
USR000235,WS0009,Alejandro,Perez,alejandro.perez@example.com,Data Analyst,Norway,2022-04-16
USR000236,WS0005,Karen,Holmes,karen.holmes@example.com,Software Engineer,Falkland Islands (Malvinas),2024-09-19
USR000237,WS0007,Kathleen,Cabrera,kathleen.cabrera@example.com,Software Engineer,Belize,2022-05-26
USR000238,WS0009,Kirk,Bullock,kirk.bullock@example.com,QA Engineer,Congo,2022-04-03
USR000239,WS0003,Jennifer,Hubbard,jennifer.hubbard@example.com,Software Engineer,Falkland Islands (Malvinas),2023-08-12
USR000240,WS0029,Meghan,Rice,meghan.rice@example.com,Data Analyst,Venezuela,2026-07-21
USR000241,WS0018,Wesley,Campbell,wesley.campbell@example.com,UI/UX Designer,Faroe Islands,2024-09-12
USR000242,WS0024,James,Reid,james.reid@example.com,Product Manager,Kiribati,2023-10-24
USR000243,WS0012,William,Decker,william.decker@example.com,QA Engineer,Spain,2024-03-21
USR000244,WS0017,Michael,Pratt,michael.pratt@example.com,UI/UX Designer,Honduras,2023-11-26
USR000245,WS0010,Brent,Gaines,brent.gaines@example.com,QA Engineer,Italy,2023-02-22
USR000246,WS0011,Matthew,Taylor,matthew.taylor@example.com,Data Analyst,Guinea,2025-09-21
USR000247,WS0010,William,Ruiz,william.ruiz@example.com,UI/UX Designer,Sierra Leone,2026-01-11
USR000248,WS0027,Gina,Knight,gina.knight@example.com,Data Analyst,Cape Verde,2024-10-10
USR000249,WS0025,John,Brown,john.brown@example.com,Engineering Manager,Portugal,2023-08-22
USR000250,WS0007,Danielle,Gray,danielle.gray@example.com,Product Owner,Cote d'Ivoire,2022-03-01
USR000251,WS0021,Rebecca,Anderson,rebecca.anderson@example.com,Software Engineer,Macao,2024-10-25
USR000252,WS0028,Travis,Huang,travis.huang@example.com,Engineering Manager,Spain,2026-03-11
USR000253,WS0017,Holly,Vaughn,holly.vaughn@example.com,Business Analyst,Armenia,2025-11-07
USR000254,WS0019,Andrew,Espinoza,andrew.espinoza@example.com,UI/UX Designer,Chad,2023-02-03
USR000255,WS0029,Christopher,Kelley,christopher.kelley@example.com,Business Analyst,Cyprus,2023-05-23
USR000256,WS0022,Stephen,Clark,stephen.clark@example.com,Engineering Manager,Paraguay,2025-10-05
USR000257,WS0028,Jillian,Hill,jillian.hill@example.com,Engineering Manager,Venezuela,2025-05-29
USR000258,WS0010,Alexander,Petty,alexander.petty@example.com,Software Engineer,Myanmar,2026-03-04
USR000259,WS0029,Kevin,Stewart,kevin.stewart@example.com,Business Analyst,Kenya,2023-03-30
USR000260,WS0016,Brandon,King,brandon.king@example.com,Product Manager,India,2023-05-09
USR000261,WS0009,Christopher,Cox,christopher.cox@example.com,Data Analyst,Sweden,2025-03-10
USR000262,WS0003,Anthony,Barnes,anthony.barnes@example.com,Product Manager,Azerbaijan,2021-09-09
USR000263,WS0020,Amy,Patterson,amy.patterson@example.com,Product Manager,Oman,2024-09-13
USR000264,WS0025,Charles,Parker,charles.parker@example.com,Data Analyst,Guinea,2021-12-17
USR000265,WS0025,Jerry,Hoover,jerry.hoover@example.com,Business Analyst,Kiribati,2025-01-02
USR000266,WS0009,Kelly,Scott,kelly.scott@example.com,Product Manager,Estonia,2023-10-28
USR000267,WS0025,Raymond,Moore,raymond.moore@example.com,Product Owner,Puerto Rico,2025-12-17
USR000268,WS0008,Tyler,Newman,tyler.newman@example.com,Data Analyst,Czech Republic,2022-12-03
USR000269,WS0013,Erin,Jackson,erin.jackson@example.com,Engineering Manager,Canada,2022-06-23
USR000270,WS0002,Evan,Scott,evan.scott@example.com,Business Analyst,Belarus,2024-02-28
USR000271,WS0023,Norman,Ramirez,norman.ramirez@example.com,Product Owner,Cape Verde,2025-05-26
USR000272,WS0022,Michelle,Miller,michelle.miller@example.com,Software Engineer,Timor-Leste,2023-08-08
USR000273,WS0022,Michael,Mcintyre,michael.mcintyre@example.com,UI/UX Designer,Lesotho,2024-02-28
USR000274,WS0029,Steven,Baldwin,steven.baldwin@example.com,Data Analyst,Ukraine,2025-06-15
USR000275,WS0021,Anthony,Davis,anthony.davis@example.com,Software Engineer,Aruba,2026-02-20
USR000276,WS0010,Kristen,Christensen,kristen.christensen@example.com,Engineering Manager,South Georgia and the South Sandwich Islands,2025-07-12
USR000277,WS0025,Russell,Davis,russell.davis@example.com,Software Engineer,French Polynesia,2023-05-03
USR000278,WS0019,Tammy,Tucker,tammy.tucker@example.com,Software Engineer,Cambodia,2023-01-18
USR000279,WS0030,Brittany,Boone,brittany.boone@example.com,Business Analyst,Myanmar,2022-05-07
USR000280,WS0002,Edward,Bullock,edward.bullock@example.com,Software Engineer,Belize,2023-11-03
USR000281,WS0006,Sharon,Soto,sharon.soto@example.com,QA Engineer,Singapore,2023-09-29
USR000282,WS0011,Deanna,Green,deanna.green@example.com,Product Manager,Slovenia,2024-02-08
USR000283,WS0024,Jeffrey,Davis,jeffrey.davis@example.com,Software Engineer,Portugal,2022-12-15
USR000284,WS0016,Anthony,Thompson,anthony.thompson@example.com,Software Engineer,Mauritius,2025-04-26
USR000285,WS0016,John,Watson,john.watson@example.com,Engineering Manager,Puerto Rico,2022-01-29
USR000286,WS0024,Steven,Hansen,steven.hansen@example.com,Product Owner,French Polynesia,2025-11-02
USR000287,WS0025,Gregory,Rodriguez,gregory.rodriguez@example.com,QA Engineer,Niue,2025-01-03
USR000288,WS0009,Angel,Shah,angel.shah@example.com,Business Analyst,Norfolk Island,2025-03-22
USR000289,WS0008,Kelly,Whitaker,kelly.whitaker@example.com,Business Analyst,Togo,2023-03-10
USR000290,WS0011,Jason,Kidd,jason.kidd@example.com,Engineering Manager,Bahrain,2021-07-30
USR000291,WS0008,Todd,Santana,todd.santana@example.com,Data Analyst,Western Sahara,2022-10-25
USR000292,WS0001,Ryan,Turner,ryan.turner@example.com,Business Analyst,Armenia,2021-08-20
USR000293,WS0027,Jacqueline,Dawson,jacqueline.dawson@example.com,UI/UX Designer,Canada,2025-06-06
USR000294,WS0007,Carol,Gibson,carol.gibson@example.com,Product Manager,Mongolia,2022-02-08
USR000295,WS0002,Charles,Johnson,charles.johnson@example.com,QA Engineer,Hong Kong,2024-09-24
USR000296,WS0021,Gary,Moore,gary.moore@example.com,UI/UX Designer,Kuwait,2023-06-26
USR000297,WS0024,Grace,Trevino,grace.trevino@example.com,UI/UX Designer,Mozambique,2023-03-27
USR000298,WS0016,Maurice,Harvey,maurice.harvey@example.com,Product Manager,Grenada,2022-03-14
USR000299,WS0015,David,Harris,david.harris@example.com,Software Engineer,Belize,2024-03-13
USR000300,WS0028,Angel,Garza,angel.garza@example.com,Engineering Manager,Wallis and Futuna,2022-02-23
USR000301,WS0006,Joyce,Brown,joyce.brown@example.com,Software Engineer,Armenia,2022-02-20
USR000302,WS0016,David,Castaneda,david.castaneda@example.com,Software Engineer,Israel,2024-06-04
USR000303,WS0018,Sherry,Atkinson,sherry.atkinson@example.com,UI/UX Designer,Bahrain,2023-11-30
USR000304,WS0006,James,Watson,james.watson@example.com,QA Engineer,Guyana,2022-09-14
USR000305,WS0016,James,Lawrence,james.lawrence@example.com,Data Analyst,Belize,2023-02-19
USR000306,WS0003,Michelle,Baker,michelle.baker@example.com,QA Engineer,Bolivia,2023-04-19
USR000307,WS0022,Morgan,White,morgan.white@example.com,Data Analyst,Timor-Leste,2022-12-26
USR000308,WS0017,David,Jenkins,david.jenkins@example.com,QA Engineer,Nicaragua,2023-10-21
USR000309,WS0028,Rebecca,Reed,rebecca.reed@example.com,QA Engineer,Lesotho,2023-09-09
USR000310,WS0002,David,Huber,david.huber@example.com,UI/UX Designer,Gambia,2025-01-31
USR000311,WS0029,Catherine,Sawyer,catherine.sawyer@example.com,Product Manager,Finland,2025-03-01
USR000312,WS0014,Kevin,Frazier,kevin.frazier@example.com,Product Owner,Madagascar,2026-07-16
USR000313,WS0019,Cassandra,Khan,cassandra.khan@example.com,QA Engineer,Ethiopia,2023-06-29
USR000314,WS0016,Kara,Baird,kara.baird@example.com,UI/UX Designer,Venezuela,2025-07-04
USR000315,WS0006,Megan,Higgins,megan.higgins@example.com,Product Owner,Sweden,2024-11-24
USR000316,WS0024,Jill,Duncan,jill.duncan@example.com,Business Analyst,Cape Verde,2026-05-15
USR000317,WS0027,Daniel,Baldwin,daniel.baldwin@example.com,QA Engineer,United Arab Emirates,2024-08-17
USR000318,WS0005,Jacqueline,Alvarez,jacqueline.alvarez@example.com,UI/UX Designer,Rwanda,2025-05-03
USR000319,WS0009,Nicholas,Moore,nicholas.moore@example.com,Business Analyst,Mongolia,2025-09-09
USR000320,WS0021,Kevin,Schultz,kevin.schultz@example.com,QA Engineer,Uganda,2025-02-21
USR000321,WS0026,Kathleen,Johnson,kathleen.johnson@example.com,UI/UX Designer,Turkey,2022-02-19
USR000322,WS0004,Eric,Marshall,eric.marshall@example.com,UI/UX Designer,Solomon Islands,2023-12-16
USR000323,WS0025,Kimberly,Lane,kimberly.lane@example.com,Product Manager,Switzerland,2025-09-09
USR000324,WS0027,Stephen,Pena,stephen.pena@example.com,Engineering Manager,Netherlands,2024-04-19
USR000325,WS0023,Kelly,Stein,kelly.stein@example.com,QA Engineer,Croatia,2025-11-08
USR000326,WS0009,Phyllis,Pratt,phyllis.pratt@example.com,Business Analyst,Brunei Darussalam,2021-11-02
USR000327,WS0027,Amanda,Barron,amanda.barron@example.com,Data Analyst,Israel,2024-03-02
USR000328,WS0002,Jamie,Reed,jamie.reed@example.com,Engineering Manager,China,2023-11-17
USR000329,WS0015,Suzanne,Garcia,suzanne.garcia@example.com,UI/UX Designer,Wallis and Futuna,2023-07-03
USR000330,WS0029,Russell,Tran,russell.tran@example.com,Product Manager,Dominica,2025-05-29
USR000331,WS0008,Thomas,Brown,thomas.brown@example.com,Product Manager,Suriname,2021-12-03
USR000332,WS0009,Catherine,Brown,catherine.brown@example.com,Data Analyst,Thailand,2022-01-10
USR000333,WS0002,David,Paul,david.paul@example.com,Product Owner,Micronesia,2026-05-26
USR000334,WS0014,Tiffany,Turner,tiffany.turner@example.com,Business Analyst,New Caledonia,2026-01-23
USR000335,WS0023,Thomas,Williams,thomas.williams@example.com,QA Engineer,Suriname,2024-05-02
USR000336,WS0009,Amanda,Butler,amanda.butler@example.com,Software Engineer,Lithuania,2023-08-07
USR000337,WS0023,Tammy,Carter,tammy.carter@example.com,QA Engineer,Sweden,2023-05-30
USR000338,WS0008,Gregory,Brown,gregory.brown@example.com,Engineering Manager,Bolivia,2025-07-25
USR000339,WS0016,Jonathan,Sullivan,jonathan.sullivan@example.com,Software Engineer,Namibia,2022-01-11
USR000340,WS0014,John,Boyle,john.boyle@example.com,UI/UX Designer,Guam,2026-06-30
USR000341,WS0008,Cheryl,Mendoza,cheryl.mendoza@example.com,Product Manager,Macao,2024-01-18
USR000342,WS0028,Deborah,Sullivan,deborah.sullivan@example.com,QA Engineer,Kiribati,2024-01-02
USR000343,WS0020,Philip,Delgado,philip.delgado@example.com,QA Engineer,Niger,2025-02-13
USR000344,WS0003,Matthew,Benitez,matthew.benitez@example.com,Business Analyst,Czech Republic,2025-06-14
USR000345,WS0013,John,Mueller,john.mueller@example.com,Engineering Manager,Netherlands,2025-07-22
USR000346,WS0012,Jessica,Mcpherson,jessica.mcpherson@example.com,UI/UX Designer,Myanmar,2026-03-28
USR000347,WS0028,Emily,Hernandez,emily.hernandez@example.com,Data Analyst,Gabon,2025-05-19
USR000348,WS0006,Billy,Ray,billy.ray@example.com,Engineering Manager,Tokelau,2022-07-28
USR000349,WS0013,Anthony,Schneider,anthony.schneider@example.com,QA Engineer,New Zealand,2026-01-10
USR000350,WS0004,Leah,Jones,leah.jones@example.com,Product Owner,Kuwait,2024-04-30
USR000351,WS0016,Ethan,Jones,ethan.jones@example.com,UI/UX Designer,Guam,2021-11-29
USR000352,WS0027,Melissa,Smith,melissa.smith@example.com,UI/UX Designer,Suriname,2025-04-18
USR000353,WS0010,Nicholas,Pineda,nicholas.pineda@example.com,UI/UX Designer,Venezuela,2024-04-03
USR000354,WS0025,Adam,Odom,adam.odom@example.com,Product Owner,Czech Republic,2024-07-15
USR000355,WS0018,Rick,Jarvis,rick.jarvis@example.com,Software Engineer,Honduras,2025-12-31
USR000356,WS0027,Michael,Brown,michael.brown@example.com,Business Analyst,Gabon,2025-04-18
USR000357,WS0018,Leah,Alexander,leah.alexander@example.com,Product Owner,Mozambique,2026-06-05
USR000358,WS0004,Tonya,Good,tonya.good@example.com,Software Engineer,Kiribati,2025-05-06
USR000359,WS0024,Michael,Johnson,michael.johnson@example.com,Product Manager,Cayman Islands,2025-03-13
USR000360,WS0002,Michael,Tapia,michael.tapia@example.com,QA Engineer,Netherlands Antilles,2025-04-16
USR000361,WS0018,David,Simmons,david.simmons@example.com,QA Engineer,American Samoa,2022-08-05
USR000362,WS0007,Olivia,Sampson,olivia.sampson@example.com,Product Owner,Haiti,2024-01-02
USR000363,WS0011,Tonya,Lopez,tonya.lopez@example.com,Software Engineer,Austria,2022-03-23
USR000364,WS0028,Deborah,Johnson,deborah.johnson@example.com,Software Engineer,Sierra Leone,2025-10-19
USR000365,WS0029,David,Bass,david.bass@example.com,Data Analyst,New Caledonia,2023-04-28
USR000366,WS0001,Morgan,Rivera,morgan.rivera@example.com,Software Engineer,Tuvalu,2025-04-15
USR000367,WS0018,Dennis,Barnes,dennis.barnes@example.com,Product Manager,Netherlands,2022-06-25
USR000368,WS0018,Michael,Scott,michael.scott@example.com,Data Analyst,Panama,2024-01-18
USR000369,WS0022,Leslie,Morgan,leslie.morgan@example.com,Engineering Manager,Solomon Islands,2022-12-27
USR000370,WS0009,Andrea,Garcia,andrea.garcia@example.com,UI/UX Designer,Colombia,2024-02-22
USR000371,WS0010,Lisa,Barnes,lisa.barnes@example.com,Software Engineer,Somalia,2025-04-09
USR000372,WS0017,Robert,Norton,robert.norton@example.com,Business Analyst,Denmark,2024-10-22
USR000373,WS0005,Patricia,Peters,patricia.peters@example.com,Data Analyst,Romania,2022-03-05
USR000374,WS0016,Crystal,Lewis,crystal.lewis@example.com,Engineering Manager,Korea,2024-12-08
USR000375,WS0012,David,Murray,david.murray@example.com,Software Engineer,Guatemala,2024-07-29
USR000376,WS0023,Kenneth,Erickson,kenneth.erickson@example.com,Engineering Manager,Trinidad and Tobago,2025-04-10
USR000377,WS0003,Jill,Hardin,jill.hardin@example.com,UI/UX Designer,Somalia,2021-08-18
USR000378,WS0030,Samuel,Cunningham,samuel.cunningham@example.com,Data Analyst,Latvia,2024-12-22
USR000379,WS0012,Michelle,Long,michelle.long@example.com,Product Manager,Comoros,2026-06-04
USR000380,WS0014,Katie,Moore,katie.moore@example.com,Software Engineer,Antigua and Barbuda,2022-03-14
USR000381,WS0005,Caitlin,Norman,caitlin.norman@example.com,Business Analyst,Guinea-Bissau,2025-03-11
USR000382,WS0018,Steve,Jones,steve.jones@example.com,QA Engineer,Morocco,2022-06-13
USR000383,WS0012,George,Hunter,george.hunter@example.com,Software Engineer,Cook Islands,2026-02-08
USR000384,WS0005,Edgar,Taylor,edgar.taylor@example.com,Business Analyst,South Georgia and the South Sandwich Islands,2025-08-27
USR000385,WS0022,Brian,Bird,brian.bird@example.com,Engineering Manager,Australia,2023-03-06
USR000386,WS0028,Carol,Sanchez,carol.sanchez@example.com,Product Owner,Jordan,2025-08-31
USR000387,WS0019,Gary,Douglas,gary.douglas@example.com,UI/UX Designer,Japan,2026-03-01
USR000388,WS0008,Destiny,Ball,destiny.ball@example.com,Business Analyst,Norfolk Island,2022-08-02
USR000389,WS0029,Leslie,Cox,leslie.cox@example.com,UI/UX Designer,Somalia,2024-07-12
USR000390,WS0021,Lawrence,Peters,lawrence.peters@example.com,Product Owner,Kenya,2021-08-23
USR000391,WS0022,Robert,Parker,robert.parker@example.com,Engineering Manager,Sweden,2023-05-19
USR000392,WS0021,Sean,Singleton,sean.singleton@example.com,Data Analyst,Mauritius,2022-12-14
USR000393,WS0022,Daniel,Duran,daniel.duran@example.com,QA Engineer,Kiribati,2025-04-29
USR000394,WS0002,Stephanie,Bishop,stephanie.bishop@example.com,Product Manager,Gibraltar,2025-05-31
USR000395,WS0013,Kelly,King,kelly.king@example.com,QA Engineer,Tunisia,2025-05-27
USR000396,WS0023,Lindsay,Santiago,lindsay.santiago@example.com,Business Analyst,Burkina Faso,2021-08-13
USR000397,WS0009,Cynthia,Villanueva,cynthia.villanueva@example.com,Software Engineer,Norfolk Island,2023-08-15
USR000398,WS0017,Maurice,Duarte,maurice.duarte@example.com,UI/UX Designer,Colombia,2023-01-18
USR000399,WS0030,Samantha,Grant,samantha.grant@example.com,Business Analyst,Mayotte,2024-11-13
USR000400,WS0022,Mary,Mccullough,mary.mccullough@example.com,Product Manager,Tuvalu,2023-08-14
USR000401,WS0024,Tammy,Brown,tammy.brown@example.com,Engineering Manager,Canada,2023-05-13
USR000402,WS0017,Nicole,Ford,nicole.ford@example.com,Business Analyst,Seychelles,2022-04-21
USR000403,WS0022,Nicholas,Carey,nicholas.carey@example.com,Data Analyst,Burkina Faso,2022-07-06
USR000404,WS0026,Lynn,Orr,lynn.orr@example.com,Product Manager,Ireland,2023-06-22
USR000405,WS0023,Kendra,Guerra,kendra.guerra@example.com,QA Engineer,Gambia,2021-11-20
USR000406,WS0007,Corey,Day,corey.day@example.com,UI/UX Designer,Serbia,2021-11-05
USR000407,WS0002,Justin,Vaughn,justin.vaughn@example.com,Software Engineer,Solomon Islands,2023-12-10
USR000408,WS0028,Scott,Pope,scott.pope@example.com,Data Analyst,Macao,2024-09-21
USR000409,WS0026,Kevin,Kelly,kevin.kelly@example.com,Software Engineer,Mali,2026-05-08
USR000410,WS0023,Steven,Gordon,steven.gordon@example.com,Product Owner,Palestinian Territory,2023-06-27
USR000411,WS0006,Tony,Rodriguez,tony.rodriguez@example.com,Product Manager,French Polynesia,2023-05-29
USR000412,WS0021,Ryan,Clark,ryan.clark@example.com,Data Analyst,Eritrea,2026-03-27
USR000413,WS0012,Jonathan,Fuller,jonathan.fuller@example.com,Product Owner,Palau,2022-03-30
USR000414,WS0007,Christina,King,christina.king@example.com,Business Analyst,United Kingdom,2023-12-04
USR000415,WS0013,Dawn,Vang,dawn.vang@example.com,Data Analyst,Chile,2024-02-19
USR000416,WS0003,Steve,Conner,steve.conner@example.com,Engineering Manager,Norway,2022-09-22
USR000417,WS0020,Charles,Gonzalez,charles.gonzalez@example.com,Software Engineer,Belize,2022-05-01
USR000418,WS0023,Steve,Drake,steve.drake@example.com,Product Manager,Australia,2024-06-22
USR000419,WS0005,Stephanie,Rodriguez,stephanie.rodriguez@example.com,Data Analyst,Armenia,2024-03-02
USR000420,WS0012,Gregory,Duncan,gregory.duncan@example.com,Engineering Manager,Sao Tome and Principe,2024-04-28
USR000421,WS0003,Hunter,Lang,hunter.lang@example.com,QA Engineer,Russian Federation,2022-01-27
USR000422,WS0027,Laura,Clark,laura.clark@example.com,Engineering Manager,Dominica,2023-04-23
USR000423,WS0030,Anthony,Gray,anthony.gray@example.com,UI/UX Designer,Nauru,2024-08-06
USR000424,WS0015,Hannah,Taylor,hannah.taylor@example.com,UI/UX Designer,Bulgaria,2025-05-14
USR000425,WS0019,Benjamin,Taylor,benjamin.taylor@example.com,QA Engineer,Benin,2024-02-24
USR000426,WS0008,Kenneth,Romero,kenneth.romero@example.com,UI/UX Designer,Angola,2023-09-24
USR000427,WS0026,Jose,Moore,jose.moore@example.com,Business Analyst,Andorra,2024-06-21
USR000428,WS0030,Tammy,Watson,tammy.watson@example.com,QA Engineer,Sierra Leone,2024-01-13
USR000429,WS0028,Eric,Brown,eric.brown@example.com,UI/UX Designer,Turks and Caicos Islands,2025-11-11
USR000430,WS0021,Rebekah,Ellison,rebekah.ellison@example.com,Business Analyst,United States Virgin Islands,2022-08-16
USR000431,WS0004,Timothy,Johnson,timothy.johnson@example.com,Software Engineer,Sweden,2022-06-22
USR000432,WS0029,Suzanne,Brown,suzanne.brown@example.com,Engineering Manager,Guam,2026-05-27
USR000433,WS0027,Danielle,Miller,danielle.miller@example.com,QA Engineer,Norfolk Island,2025-11-24
USR000434,WS0003,William,Moore,william.moore@example.com,UI/UX Designer,Pakistan,2025-10-14
USR000435,WS0022,Rachel,Myers,rachel.myers@example.com,Engineering Manager,Angola,2024-08-06
USR000436,WS0028,Marissa,Robinson,marissa.robinson@example.com,Business Analyst,India,2023-08-03
USR000437,WS0009,Ashley,Newton,ashley.newton@example.com,Product Manager,Andorra,2023-08-29
USR000438,WS0015,Janet,Bush,janet.bush@example.com,UI/UX Designer,Saint Lucia,2022-11-05
USR000439,WS0008,Kenneth,Suarez,kenneth.suarez@example.com,UI/UX Designer,Guinea-Bissau,2023-08-10
USR000440,WS0027,Christopher,Rodriguez,christopher.rodriguez@example.com,Software Engineer,Ukraine,2023-04-18
USR000441,WS0025,Tricia,Johnson,tricia.johnson@example.com,Product Manager,Cyprus,2021-10-18
USR000442,WS0026,Dylan,Rodriguez,dylan.rodriguez@example.com,Business Analyst,Mauritius,2022-07-21
USR000443,WS0004,Oscar,Bush,oscar.bush@example.com,UI/UX Designer,Turkey,2022-03-30
USR000444,WS0008,Monica,Wells,monica.wells@example.com,Engineering Manager,Guyana,2022-09-26
USR000445,WS0027,Samantha,Wilson,samantha.wilson@example.com,UI/UX Designer,Gibraltar,2022-06-03
USR000446,WS0020,Stephanie,Castillo,stephanie.castillo@example.com,QA Engineer,Sudan,2024-11-02
USR000447,WS0005,Lacey,Simmons,lacey.simmons@example.com,Engineering Manager,Mauritius,2025-12-15
USR000448,WS0018,Mary,Barrett,mary.barrett@example.com,Product Manager,Papua New Guinea,2022-12-20
USR000449,WS0004,Brian,Nixon,brian.nixon@example.com,QA Engineer,Niue,2022-07-29
USR000450,WS0009,John,Cole,john.cole@example.com,Data Analyst,Congo,2025-02-06
USR000451,WS0016,Kathleen,Scott,kathleen.scott@example.com,UI/UX Designer,United States Minor Outlying Islands,2022-07-29
USR000452,WS0003,Michael,Haas,michael.haas@example.com,Product Manager,Heard Island and McDonald Islands,2024-10-21
USR000453,WS0002,Alan,Gonzalez,alan.gonzalez@example.com,Business Analyst,San Marino,2025-04-22
USR000454,WS0018,Tiffany,Elliott,tiffany.elliott@example.com,QA Engineer,Guinea,2026-02-18
USR000455,WS0005,Kristi,Woods,kristi.woods@example.com,Product Manager,Haiti,2021-10-27
USR000456,WS0025,Mark,Blackwell,mark.blackwell@example.com,QA Engineer,Namibia,2023-05-01
USR000457,WS0014,Brett,Kennedy,brett.kennedy@example.com,UI/UX Designer,Ghana,2024-06-20
USR000458,WS0024,Shannon,Jordan,shannon.jordan@example.com,Data Analyst,El Salvador,2025-11-16
USR000459,WS0028,Eric,Rodriguez,eric.rodriguez@example.com,QA Engineer,Somalia,2025-10-12
USR000460,WS0020,Christina,Davis,christina.davis@example.com,Business Analyst,Bosnia and Herzegovina,2023-04-04
USR000461,WS0008,Anthony,Mccormick,anthony.mccormick@example.com,QA Engineer,Algeria,2024-07-30
USR000462,WS0012,Parker,Savage,parker.savage@example.com,Data Analyst,Seychelles,2024-11-20
USR000463,WS0008,Timothy,Johnston,timothy.johnston@example.com,Product Manager,Russian Federation,2023-09-22
USR000464,WS0003,Desiree,Long,desiree.long@example.com,UI/UX Designer,Venezuela,2021-08-22
USR000465,WS0029,Kathleen,Hernandez,kathleen.hernandez@example.com,Software Engineer,Suriname,2022-07-28
USR000466,WS0003,Joshua,Reeves,joshua.reeves@example.com,Data Analyst,Mayotte,2022-07-06
USR000467,WS0023,Timothy,Jones,timothy.jones@example.com,Software Engineer,Tunisia,2022-09-19
USR000468,WS0012,Jessica,Carlson,jessica.carlson@example.com,Product Manager,Central African Republic,2025-11-20
USR000469,WS0020,Daniel,Edwards,daniel.edwards@example.com,Product Manager,Cambodia,2022-03-29
USR000470,WS0023,Cynthia,Armstrong,cynthia.armstrong@example.com,QA Engineer,Macao,2022-11-17
USR000471,WS0008,Maria,Johnson,maria.johnson@example.com,Business Analyst,Jersey,2021-08-01
USR000472,WS0018,Mary,Hutchinson,mary.hutchinson@example.com,Business Analyst,Ireland,2021-07-22
USR000473,WS0027,Charles,Davis,charles.davis@example.com,QA Engineer,Liechtenstein,2021-10-17
USR000474,WS0024,Randy,Salazar,randy.salazar@example.com,Engineering Manager,Singapore,2025-04-19
USR000475,WS0020,Matthew,Sullivan,matthew.sullivan@example.com,Business Analyst,Pitcairn Islands,2022-11-29
USR000476,WS0017,Jeffrey,Henson,jeffrey.henson@example.com,QA Engineer,Trinidad and Tobago,2023-08-04
USR000477,WS0019,Brian,Clark,brian.clark@example.com,Software Engineer,Suriname,2024-09-30
USR000478,WS0004,Alison,Jackson,alison.jackson@example.com,UI/UX Designer,Northern Mariana Islands,2025-03-26
USR000479,WS0015,Albert,Dunn,albert.dunn@example.com,Business Analyst,Djibouti,2022-06-30
USR000480,WS0025,Kevin,Rivera,kevin.rivera@example.com,Product Owner,Senegal,2024-01-10
USR000481,WS0011,Charles,Johnson,charles.johnson@example.com,Product Manager,Norway,2023-03-20
USR000482,WS0030,Trevor,Love,trevor.love@example.com,Product Owner,Guatemala,2021-10-17
USR000483,WS0009,Jeffrey,Kelly,jeffrey.kelly@example.com,Software Engineer,South Georgia and the South Sandwich Islands,2022-06-06
USR000484,WS0003,Brandy,Soto,brandy.soto@example.com,Software Engineer,Macao,2023-10-07
USR000485,WS0002,Amanda,Cox,amanda.cox@example.com,Product Manager,Colombia,2021-07-28
USR000486,WS0012,Matthew,Clark,matthew.clark@example.com,Engineering Manager,Falkland Islands (Malvinas),2024-11-16
USR000487,WS0022,Nicole,Long,nicole.long@example.com,Data Analyst,Estonia,2025-07-05
USR000488,WS0012,James,Young,james.young@example.com,Product Manager,Faroe Islands,2023-06-25
USR000489,WS0008,Scott,West,scott.west@example.com,Software Engineer,Zimbabwe,2023-05-04
USR000490,WS0021,Michael,Gonzales,michael.gonzales@example.com,Product Owner,Zimbabwe,2025-06-22
USR000491,WS0023,Kayla,Bishop,kayla.bishop@example.com,UI/UX Designer,Israel,2024-06-05
USR000492,WS0022,Michael,Gardner,michael.gardner@example.com,Business Analyst,Tonga,2021-09-23
USR000493,WS0009,Anthony,Martin,anthony.martin@example.com,Software Engineer,Monaco,2026-01-09
USR000494,WS0030,Benjamin,Andersen,benjamin.andersen@example.com,Product Owner,Togo,2025-11-15
USR000495,WS0024,Cory,Carter,cory.carter@example.com,Data Analyst,Honduras,2025-12-14
USR000496,WS0028,Jimmy,Thomas,jimmy.thomas@example.com,QA Engineer,Faroe Islands,2026-05-08
USR000497,WS0025,David,Leonard,david.leonard@example.com,Product Owner,Brunei Darussalam,2021-12-18
USR000498,WS0012,Mallory,Lamb,mallory.lamb@example.com,Product Manager,Cuba,2022-06-03
USR000499,WS0029,James,Schroeder,james.schroeder@example.com,Software Engineer,France,2024-09-23
USR000500,WS0024,Maria,Cook,maria.cook@example.com,Software Engineer,Comoros,2022-07-30
USR000501,WS0030,Robert,Hendrix,robert.hendrix@example.com,QA Engineer,American Samoa,2026-06-30
USR000502,WS0028,Charles,Day,charles.day@example.com,Business Analyst,United States Minor Outlying Islands,2023-04-30
USR000503,WS0014,Eric,Olson,eric.olson@example.com,Data Analyst,Pakistan,2024-08-09
USR000504,WS0029,Deborah,Russell,deborah.russell@example.com,Engineering Manager,Mauritius,2022-04-21
USR000505,WS0022,Nathan,West,nathan.west@example.com,QA Engineer,Central African Republic,2026-02-07
USR000506,WS0019,Robert,Lawson,robert.lawson@example.com,Product Manager,Botswana,2025-04-30
USR000507,WS0024,Kevin,Anderson,kevin.anderson@example.com,Data Analyst,Romania,2025-03-27
USR000508,WS0028,Sarah,Turner,sarah.turner@example.com,QA Engineer,Seychelles,2022-11-05
USR000509,WS0024,Chris,Mcfarland,chris.mcfarland@example.com,Data Analyst,Pitcairn Islands,2024-04-20
USR000510,WS0022,Rebecca,Pace,rebecca.pace@example.com,QA Engineer,Zambia,2026-03-27
USR000511,WS0005,Matthew,White,matthew.white@example.com,Product Owner,Turkmenistan,2024-02-10
USR000512,WS0030,Heather,Bond,heather.bond@example.com,Data Analyst,Grenada,2024-12-10
USR000513,WS0028,Susan,Stewart,susan.stewart@example.com,UI/UX Designer,Kenya,2025-08-01
USR000514,WS0025,Rachel,Smith,rachel.smith@example.com,Product Owner,Switzerland,2025-06-28
USR000515,WS0027,Rachel,Smith,rachel.smith@example.com,Product Manager,Bahamas,2024-04-29
USR000516,WS0030,Theresa,Ray,theresa.ray@example.com,Data Analyst,Gambia,2025-02-24
USR000517,WS0014,Joshua,Rodriguez,joshua.rodriguez@example.com,Product Owner,Cyprus,2025-05-15
USR000518,WS0001,Joel,Jones,joel.jones@example.com,Data Analyst,Tanzania,2023-07-30
USR000519,WS0014,Thomas,Cox,thomas.cox@example.com,QA Engineer,Austria,2025-05-17
USR000520,WS0027,Angela,Baker,angela.baker@example.com,Business Analyst,Guinea,2022-07-03
USR000521,WS0003,Jill,Mccormick,jill.mccormick@example.com,Product Owner,Brazil,2023-01-22
USR000522,WS0028,Charles,Wallace,charles.wallace@example.com,QA Engineer,Antigua and Barbuda,2022-11-04
USR000523,WS0002,James,Kane,james.kane@example.com,Engineering Manager,Germany,2023-10-17
USR000524,WS0013,Lauren,Cochran,lauren.cochran@example.com,Product Manager,Korea,2024-04-03
USR000525,WS0019,Ryan,Villarreal,ryan.villarreal@example.com,Product Owner,United Kingdom,2026-03-31
USR000526,WS0030,Scott,Perry,scott.perry@example.com,UI/UX Designer,Croatia,2023-01-12
USR000527,WS0018,Bobby,Fitzgerald,bobby.fitzgerald@example.com,UI/UX Designer,Myanmar,2022-04-17
USR000528,WS0012,Janet,Mckay,janet.mckay@example.com,Engineering Manager,Palestinian Territory,2022-10-09
USR000529,WS0002,Benjamin,Davis,benjamin.davis@example.com,Business Analyst,Lithuania,2022-06-10
USR000530,WS0008,Samuel,Scott,samuel.scott@example.com,Product Manager,Palestinian Territory,2021-11-25
USR000531,WS0017,Joel,Yoder,joel.yoder@example.com,Data Analyst,Congo,2024-12-19
USR000532,WS0022,Amy,Jones,amy.jones@example.com,QA Engineer,Guam,2023-05-14
USR000533,WS0021,Evelyn,Caldwell,evelyn.caldwell@example.com,Engineering Manager,Grenada,2026-05-04
USR000534,WS0024,Daniel,Dennis,daniel.dennis@example.com,Product Owner,Namibia,2022-09-28
USR000535,WS0014,Christopher,Jackson,christopher.jackson@example.com,Business Analyst,United States Minor Outlying Islands,2025-03-29
USR000536,WS0016,Kristen,Kelly,kristen.kelly@example.com,UI/UX Designer,Turkey,2023-05-19
USR000537,WS0020,James,Scott,james.scott@example.com,QA Engineer,Netherlands Antilles,2023-07-19
USR000538,WS0010,David,Cox,david.cox@example.com,Engineering Manager,Suriname,2023-12-09
USR000539,WS0007,Shannon,Newman,shannon.newman@example.com,Data Analyst,Iran,2025-03-29
USR000540,WS0019,Nathan,Harper,nathan.harper@example.com,UI/UX Designer,Palestinian Territory,2023-03-03
USR000541,WS0018,Brandon,Dean,brandon.dean@example.com,UI/UX Designer,Bahamas,2022-05-30
USR000542,WS0023,Joe,Singh,joe.singh@example.com,Business Analyst,Ukraine,2024-10-05
USR000543,WS0019,Bradley,Conley,bradley.conley@example.com,UI/UX Designer,Cambodia,2022-11-17
USR000544,WS0014,Judy,Harris,judy.harris@example.com,UI/UX Designer,Cuba,2025-12-25
USR000545,WS0014,Amanda,Juarez,amanda.juarez@example.com,UI/UX Designer,Gabon,2025-10-08
USR000546,WS0002,John,Wheeler,john.wheeler@example.com,Business Analyst,Namibia,2025-12-01
USR000547,WS0003,Elizabeth,Campbell,elizabeth.campbell@example.com,Business Analyst,Ukraine,2022-05-07
USR000548,WS0015,Laurie,Petty,laurie.petty@example.com,Engineering Manager,Italy,2021-10-20
USR000549,WS0010,Jonathan,Reed,jonathan.reed@example.com,QA Engineer,Congo,2024-04-02
USR000550,WS0017,Mary,Hudson,mary.hudson@example.com,Software Engineer,Pitcairn Islands,2025-10-22
USR000551,WS0030,Julia,Harris,julia.harris@example.com,QA Engineer,Nigeria,2024-06-04
USR000552,WS0004,Nicole,Allen,nicole.allen@example.com,Product Owner,Belarus,2024-07-16
USR000553,WS0001,Theresa,Moss,theresa.moss@example.com,Business Analyst,Saint Martin,2024-03-17
USR000554,WS0002,Patricia,Patel,patricia.patel@example.com,Engineering Manager,Russian Federation,2021-10-12
USR000555,WS0015,Sheri,Bradley,sheri.bradley@example.com,Business Analyst,Montenegro,2022-05-19
USR000556,WS0022,Thomas,Knapp,thomas.knapp@example.com,Product Manager,Dominican Republic,2025-08-24
USR000557,WS0024,Kristopher,Hansen,kristopher.hansen@example.com,Product Manager,Cambodia,2025-08-21
USR000558,WS0021,Erica,Burton,erica.burton@example.com,Software Engineer,Madagascar,2024-10-23
USR000559,WS0014,Charles,Young,charles.young@example.com,Business Analyst,Serbia,2025-09-25
USR000560,WS0012,Donna,Neal,donna.neal@example.com,Software Engineer,Gabon,2025-01-03
USR000561,WS0006,Regina,Stevenson,regina.stevenson@example.com,QA Engineer,Samoa,2024-11-24
USR000562,WS0016,Melissa,Morris,melissa.morris@example.com,Software Engineer,Italy,2024-06-01
USR000563,WS0015,Jesse,Carey,jesse.carey@example.com,Product Manager,Netherlands,2025-05-15
USR000564,WS0010,Henry,Mann,henry.mann@example.com,UI/UX Designer,Andorra,2024-07-05
USR000565,WS0018,Derrick,Snow,derrick.snow@example.com,Business Analyst,Saint Pierre and Miquelon,2025-10-07
USR000566,WS0030,Anthony,Baker,anthony.baker@example.com,Software Engineer,Canada,2026-06-09
USR000567,WS0005,Renee,Smith,renee.smith@example.com,Engineering Manager,Burkina Faso,2023-04-03
USR000568,WS0004,Aaron,Brown,aaron.brown@example.com,Software Engineer,Montenegro,2026-06-04
USR000569,WS0019,Jennifer,Jenkins,jennifer.jenkins@example.com,Product Manager,Oman,2023-03-05
USR000570,WS0012,Matthew,Floyd,matthew.floyd@example.com,Product Owner,Turks and Caicos Islands,2023-10-03
USR000571,WS0028,Cheryl,Williams,cheryl.williams@example.com,Data Analyst,Malawi,2023-02-06
USR000572,WS0026,Robert,Wilson,robert.wilson@example.com,QA Engineer,Togo,2026-01-09
USR000573,WS0019,Corey,Moyer,corey.moyer@example.com,Software Engineer,Zimbabwe,2025-08-31
USR000574,WS0021,Henry,Pugh,henry.pugh@example.com,Business Analyst,Reunion,2026-02-27
USR000575,WS0023,Jessica,Anderson,jessica.anderson@example.com,QA Engineer,Mayotte,2025-01-16
USR000576,WS0011,Sheryl,Rodriguez,sheryl.rodriguez@example.com,Product Owner,Romania,2022-03-26
USR000577,WS0019,Tara,Finley,tara.finley@example.com,UI/UX Designer,Croatia,2023-01-29
USR000578,WS0007,Timothy,Jones,timothy.jones@example.com,QA Engineer,Reunion,2023-01-04
USR000579,WS0006,Kevin,Stephenson,kevin.stephenson@example.com,Engineering Manager,Reunion,2026-04-26
USR000580,WS0017,Pamela,Holden,pamela.holden@example.com,Data Analyst,Serbia,2023-07-12
USR000581,WS0018,Kathleen,Sullivan,kathleen.sullivan@example.com,UI/UX Designer,Andorra,2026-06-26
USR000582,WS0002,Vincent,Cox,vincent.cox@example.com,QA Engineer,Jordan,2025-02-01
USR000583,WS0023,Janet,Conley,janet.conley@example.com,Product Owner,Namibia,2024-06-18
USR000584,WS0020,James,Phillips,james.phillips@example.com,QA Engineer,Liechtenstein,2023-05-22
USR000585,WS0023,Maria,Murillo,maria.murillo@example.com,Business Analyst,Korea,2022-03-07
USR000586,WS0024,Lindsay,Martinez,lindsay.martinez@example.com,Software Engineer,Gambia,2021-08-06
USR000587,WS0030,Mitchell,Frey,mitchell.frey@example.com,Engineering Manager,Christmas Island,2025-02-25
USR000588,WS0019,Joseph,Kent,joseph.kent@example.com,UI/UX Designer,Cambodia,2025-07-11
USR000589,WS0001,Rhonda,Perez,rhonda.perez@example.com,QA Engineer,Mozambique,2023-05-02
USR000590,WS0014,Michael,Mccoy,michael.mccoy@example.com,Product Manager,Solomon Islands,2023-01-23
USR000591,WS0007,Anna,Rodriguez,anna.rodriguez@example.com,Software Engineer,Mexico,2022-10-23
USR000592,WS0003,Lawrence,Rojas,lawrence.rojas@example.com,QA Engineer,Nauru,2025-11-14
USR000593,WS0010,Wesley,Mercer,wesley.mercer@example.com,Product Manager,Spain,2024-02-28
USR000594,WS0021,Heather,Mclaughlin,heather.mclaughlin@example.com,Product Manager,Palau,2026-02-07
USR000595,WS0015,Dean,Miller,dean.miller@example.com,Software Engineer,Afghanistan,2021-09-18
USR000596,WS0004,Diane,Wade,diane.wade@example.com,Product Owner,Heard Island and McDonald Islands,2023-06-30
USR000597,WS0008,Charles,Anderson,charles.anderson@example.com,Product Owner,Iraq,2023-04-08
USR000598,WS0029,Gerald,Logan,gerald.logan@example.com,UI/UX Designer,Spain,2025-02-16
USR000599,WS0012,Rebecca,Gibbs,rebecca.gibbs@example.com,UI/UX Designer,Japan,2024-07-18
USR000600,WS0022,Brandon,Olson,brandon.olson@example.com,QA Engineer,Israel,2024-06-22
USR000601,WS0024,Linda,Contreras,linda.contreras@example.com,Product Owner,Ecuador,2023-01-13
USR000602,WS0001,Jodi,Jones,jodi.jones@example.com,UI/UX Designer,Cyprus,2024-06-07
USR000603,WS0019,Rita,Cline,rita.cline@example.com,Product Owner,Cyprus,2022-06-13
USR000604,WS0012,Tracy,Sanders,tracy.sanders@example.com,UI/UX Designer,Hong Kong,2024-08-16
USR000605,WS0024,Erik,Beard,erik.beard@example.com,Business Analyst,North Macedonia,2023-12-07
USR000606,WS0018,Tiffany,Owens,tiffany.owens@example.com,Engineering Manager,Brazil,2023-07-28
USR000607,WS0024,Kyle,Ballard,kyle.ballard@example.com,QA Engineer,Indonesia,2026-04-04
USR000608,WS0010,Debra,Williams,debra.williams@example.com,QA Engineer,Norway,2023-04-04
USR000609,WS0006,Thomas,Vasquez,thomas.vasquez@example.com,QA Engineer,Uganda,2024-01-30
USR000610,WS0016,Samantha,Green,samantha.green@example.com,Engineering Manager,Martinique,2023-10-17
USR000611,WS0025,Olivia,Owens,olivia.owens@example.com,UI/UX Designer,Montenegro,2025-12-03
USR000612,WS0024,Antonio,Bates,antonio.bates@example.com,Software Engineer,Chad,2023-07-05
USR000613,WS0029,Andrea,Johnson,andrea.johnson@example.com,Data Analyst,Namibia,2026-03-10
USR000614,WS0008,Kaylee,Hays,kaylee.hays@example.com,Product Owner,Georgia,2024-01-25
USR000615,WS0014,Karen,Pierce,karen.pierce@example.com,Business Analyst,British Indian Ocean Territory (Chagos Archipelago),2024-09-08
USR000616,WS0018,Jonathan,Moreno,jonathan.moreno@example.com,Product Owner,Aruba,2026-05-10
USR000617,WS0002,James,Nunez,james.nunez@example.com,Product Owner,Seychelles,2022-10-15
USR000618,WS0003,Kelly,Perez,kelly.perez@example.com,QA Engineer,Chile,2022-03-07
USR000619,WS0019,Steven,Williams,steven.williams@example.com,Engineering Manager,Peru,2021-09-21
USR000620,WS0017,Jessica,Ferguson,jessica.ferguson@example.com,Engineering Manager,Montenegro,2022-11-08
USR000621,WS0028,Olivia,Gomez,olivia.gomez@example.com,UI/UX Designer,Guyana,2025-09-06
USR000622,WS0017,Bryan,King,bryan.king@example.com,Data Analyst,British Virgin Islands,2023-12-18
USR000623,WS0004,Paul,Thompson,paul.thompson@example.com,Business Analyst,Isle of Man,2026-07-05
USR000624,WS0014,Kaitlyn,Parker,kaitlyn.parker@example.com,Data Analyst,United States Minor Outlying Islands,2025-09-09
USR000625,WS0030,Scott,Kline,scott.kline@example.com,Product Manager,French Guiana,2026-06-06
USR000626,WS0021,Miguel,Sharp,miguel.sharp@example.com,Product Owner,Syrian Arab Republic,2022-05-13
USR000627,WS0027,Lisa,Miller,lisa.miller@example.com,UI/UX Designer,South Georgia and the South Sandwich Islands,2022-11-11
USR000628,WS0016,Jessica,Smith,jessica.smith@example.com,Product Manager,Tuvalu,2026-01-22
USR000629,WS0027,Hector,Padilla,hector.padilla@example.com,Data Analyst,Cameroon,2026-03-03
USR000630,WS0027,Monica,Perez,monica.perez@example.com,Business Analyst,Mongolia,2024-12-16
USR000631,WS0016,Amy,Owens,amy.owens@example.com,Data Analyst,Norway,2023-04-29
USR000632,WS0005,Michael,Garrett,michael.garrett@example.com,Software Engineer,Zambia,2022-08-27
USR000633,WS0019,Stacey,Walker,stacey.walker@example.com,Business Analyst,Vanuatu,2025-01-23
USR000634,WS0030,Tony,Moore,tony.moore@example.com,Data Analyst,Saint Barthelemy,2025-03-07
USR000635,WS0002,Karen,Deleon,karen.deleon@example.com,Engineering Manager,French Polynesia,2023-01-06
USR000636,WS0010,Colleen,Hernandez,colleen.hernandez@example.com,Product Manager,Congo,2026-01-25
USR000637,WS0022,Melody,Fernandez,melody.fernandez@example.com,Product Owner,Nauru,2022-10-31
USR000638,WS0027,Tara,Smith,tara.smith@example.com,Product Manager,Liechtenstein,2026-05-28
USR000639,WS0021,John,Sullivan,john.sullivan@example.com,Engineering Manager,Mayotte,2026-06-03
USR000640,WS0016,Paul,Jones,paul.jones@example.com,Business Analyst,Burkina Faso,2024-08-24
USR000641,WS0013,Nathan,Grimes,nathan.grimes@example.com,Engineering Manager,Benin,2022-11-15
USR000642,WS0024,Robert,Coffey,robert.coffey@example.com,Data Analyst,Kiribati,2025-07-02
USR000643,WS0016,John,Smith,john.smith@example.com,Business Analyst,Saint Pierre and Miquelon,2025-11-13
USR000644,WS0029,Peter,Lewis,peter.lewis@example.com,Data Analyst,Libyan Arab Jamahiriya,2023-04-02
USR000645,WS0001,Jeffrey,Brown,jeffrey.brown@example.com,Engineering Manager,Mozambique,2025-05-04
USR000646,WS0014,Shelly,Romero,shelly.romero@example.com,Product Manager,Cocos (Keeling) Islands,2022-08-20
USR000647,WS0022,Travis,Velazquez,travis.velazquez@example.com,Product Manager,Netherlands Antilles,2024-02-21
USR000648,WS0022,Bianca,Lambert,bianca.lambert@example.com,Product Owner,Moldova,2022-06-29
USR000649,WS0019,Justin,Suarez,justin.suarez@example.com,Software Engineer,Russian Federation,2024-09-10
USR000650,WS0011,Ellen,Hanson,ellen.hanson@example.com,QA Engineer,Guinea-Bissau,2025-09-08
USR000651,WS0030,Robert,Nichols,robert.nichols@example.com,Product Owner,Bosnia and Herzegovina,2023-11-17
USR000652,WS0008,Andrea,Harrison,andrea.harrison@example.com,Business Analyst,British Virgin Islands,2023-02-16
USR000653,WS0009,Ryan,Camacho,ryan.camacho@example.com,Business Analyst,Benin,2024-06-20
USR000654,WS0017,Jason,Dixon,jason.dixon@example.com,Engineering Manager,South Georgia and the South Sandwich Islands,2022-06-18
USR000655,WS0013,Jennifer,Brown,jennifer.brown@example.com,Business Analyst,Saint Barthelemy,2026-07-06
USR000656,WS0025,Jeremy,Anderson,jeremy.anderson@example.com,Product Owner,Belgium,2022-06-01
USR000657,WS0026,Donna,Wilcox,donna.wilcox@example.com,Product Owner,Guinea-Bissau,2026-05-29
USR000658,WS0016,Samantha,Williams,samantha.williams@example.com,Data Analyst,Suriname,2026-06-07
USR000659,WS0007,Bailey,Hall,bailey.hall@example.com,Business Analyst,Lithuania,2024-04-14
USR000660,WS0022,Kevin,Anderson,kevin.anderson@example.com,Software Engineer,Chad,2023-03-15
USR000661,WS0010,Jennifer,Pierce,jennifer.pierce@example.com,QA Engineer,Macao,2026-04-15
USR000662,WS0008,Kenneth,Smith,kenneth.smith@example.com,Software Engineer,Bouvet Island (Bouvetoya),2023-05-19
USR000663,WS0027,Brendan,Hamilton,brendan.hamilton@example.com,Product Manager,Saint Helena,2026-07-06
USR000664,WS0014,Melissa,Horton,melissa.horton@example.com,Product Owner,Turkey,2026-02-08
USR000665,WS0014,Felicia,Castillo,felicia.castillo@example.com,UI/UX Designer,Sweden,2023-03-07
USR000666,WS0018,Jack,Cain,jack.cain@example.com,UI/UX Designer,Sierra Leone,2023-05-17
USR000667,WS0011,Michael,Hall,michael.hall@example.com,Product Owner,Netherlands Antilles,2021-08-20
USR000668,WS0008,Michelle,Oconnor,michelle.oconnor@example.com,Software Engineer,Turks and Caicos Islands,2022-05-13
USR000669,WS0018,Mary,Burgess,mary.burgess@example.com,Product Owner,Angola,2022-07-19
USR000670,WS0008,Raymond,Lee,raymond.lee@example.com,Business Analyst,French Guiana,2024-06-29
USR000671,WS0005,Sheila,Mitchell,sheila.mitchell@example.com,UI/UX Designer,Sierra Leone,2022-10-21
USR000672,WS0005,Brad,Wong,brad.wong@example.com,Product Owner,Montserrat,2023-04-03
USR000673,WS0008,Angela,Jackson,angela.jackson@example.com,Product Manager,Trinidad and Tobago,2023-10-09
USR000674,WS0021,Alexis,Shepherd,alexis.shepherd@example.com,QA Engineer,Puerto Rico,2023-02-03
USR000675,WS0008,Diane,Reynolds,diane.reynolds@example.com,QA Engineer,Afghanistan,2024-11-25
USR000676,WS0024,Angela,Lowe,angela.lowe@example.com,Engineering Manager,South Africa,2023-03-12
USR000677,WS0028,Julie,Garcia,julie.garcia@example.com,Business Analyst,Martinique,2023-07-31
USR000678,WS0021,Troy,Kelly,troy.kelly@example.com,Software Engineer,American Samoa,2024-11-08
USR000679,WS0005,Victoria,Torres,victoria.torres@example.com,Software Engineer,Afghanistan,2025-10-03
USR000680,WS0011,Jonathan,King,jonathan.king@example.com,QA Engineer,Switzerland,2021-12-02
USR000681,WS0009,Megan,Marks,megan.marks@example.com,Business Analyst,Venezuela,2025-12-05
USR000682,WS0004,Sarah,Russo,sarah.russo@example.com,QA Engineer,Slovakia (Slovak Republic),2025-06-30
USR000683,WS0008,Matthew,Mccarthy,matthew.mccarthy@example.com,Product Owner,Antarctica (the territory South of 60 deg S),2022-04-26
USR000684,WS0022,Darrell,Allen,darrell.allen@example.com,UI/UX Designer,Palau,2023-10-12
USR000685,WS0027,Adrienne,Jordan,adrienne.jordan@example.com,Product Owner,Andorra,2022-02-06
USR000686,WS0021,Joshua,Wilson,joshua.wilson@example.com,Business Analyst,Maldives,2026-03-12
USR000687,WS0017,Jennifer,Phillips,jennifer.phillips@example.com,UI/UX Designer,Northern Mariana Islands,2023-01-23
USR000688,WS0019,Amanda,Harrison,amanda.harrison@example.com,Software Engineer,Turkey,2021-11-24
USR000689,WS0021,Donald,Stuart,donald.stuart@example.com,Product Manager,Hungary,2024-08-25
USR000690,WS0002,Christopher,Rodriguez,christopher.rodriguez@example.com,Software Engineer,Saint Pierre and Miquelon,2024-04-19
USR000691,WS0003,Laura,Ellis,laura.ellis@example.com,QA Engineer,Liberia,2022-06-18
USR000692,WS0028,James,Carney,james.carney@example.com,Engineering Manager,Qatar,2025-08-14
USR000693,WS0025,John,Ford,john.ford@example.com,Engineering Manager,United States Virgin Islands,2024-10-16
USR000694,WS0010,Cody,Fitzpatrick,cody.fitzpatrick@example.com,Software Engineer,Georgia,2023-11-14
USR000695,WS0003,Karen,Brown,karen.brown@example.com,Product Owner,Belize,2022-05-30
USR000696,WS0020,Robert,Daugherty,robert.daugherty@example.com,QA Engineer,Cuba,2024-12-29
USR000697,WS0030,Rebecca,Mccoy,rebecca.mccoy@example.com,Data Analyst,Palestinian Territory,2025-10-01
USR000698,WS0025,Joseph,Simmons,joseph.simmons@example.com,Product Owner,Portugal,2025-08-10
USR000699,WS0015,John,Bailey,john.bailey@example.com,Software Engineer,Tuvalu,2026-07-17
USR000700,WS0022,Lauren,Jackson,lauren.jackson@example.com,Software Engineer,Guadeloupe,2022-03-21
USR000701,WS0005,Anthony,Thornton,anthony.thornton@example.com,UI/UX Designer,Bangladesh,2023-12-29
USR000702,WS0017,Sara,Washington,sara.washington@example.com,Engineering Manager,Niue,2025-12-18
USR000703,WS0009,Victoria,Burton,victoria.burton@example.com,Engineering Manager,Bulgaria,2021-09-24
USR000704,WS0007,Matthew,Brown,matthew.brown@example.com,UI/UX Designer,United States of America,2025-03-03
USR000705,WS0019,Joseph,Nguyen,joseph.nguyen@example.com,Product Owner,Saint Kitts and Nevis,2024-12-26
USR000706,WS0011,Christopher,Baker,christopher.baker@example.com,Product Owner,Ireland,2023-10-28
USR000707,WS0005,Denise,Reeves,denise.reeves@example.com,Data Analyst,United Arab Emirates,2022-07-24
USR000708,WS0006,Lauren,Cook,lauren.cook@example.com,Software Engineer,French Polynesia,2023-02-12
USR000709,WS0009,Stephanie,Peterson,stephanie.peterson@example.com,Engineering Manager,Chile,2022-05-23
USR000710,WS0023,Gary,Bishop,gary.bishop@example.com,Product Manager,Northern Mariana Islands,2024-01-18
USR000711,WS0019,Patrick,Barnes,patrick.barnes@example.com,QA Engineer,Azerbaijan,2022-06-14
USR000712,WS0027,Denise,Jefferson,denise.jefferson@example.com,Product Owner,Tonga,2023-09-04
USR000713,WS0017,Allison,Ewing,allison.ewing@example.com,Engineering Manager,Paraguay,2023-04-19
USR000714,WS0028,William,Williams,william.williams@example.com,Data Analyst,Czech Republic,2023-10-14
USR000715,WS0011,Alexis,Hoover,alexis.hoover@example.com,Engineering Manager,Kyrgyz Republic,2026-07-04
USR000716,WS0014,Rachel,Barnes,rachel.barnes@example.com,Business Analyst,Azerbaijan,2024-07-01
USR000717,WS0009,Chelsea,Morse,chelsea.morse@example.com,Software Engineer,Uruguay,2023-07-13
USR000718,WS0007,Valerie,Brooks,valerie.brooks@example.com,QA Engineer,Japan,2022-01-29
USR000719,WS0019,Jesse,Lopez,jesse.lopez@example.com,Product Owner,France,2021-12-25
USR000720,WS0017,Breanna,Michael,breanna.michael@example.com,QA Engineer,Antigua and Barbuda,2026-01-18
USR000721,WS0004,Isabel,Mills,isabel.mills@example.com,Product Manager,Korea,2025-08-20
USR000722,WS0023,Ryan,Knox,ryan.knox@example.com,QA Engineer,Solomon Islands,2022-08-12
USR000723,WS0014,Caitlin,Webb,caitlin.webb@example.com,Data Analyst,Eritrea,2025-01-04
USR000724,WS0006,Brian,Wilson,brian.wilson@example.com,QA Engineer,Burundi,2025-07-19
USR000725,WS0009,Jeremy,Evans,jeremy.evans@example.com,Product Owner,Switzerland,2023-12-25
USR000726,WS0002,Adam,Patterson,adam.patterson@example.com,UI/UX Designer,Central African Republic,2024-12-09
USR000727,WS0008,Tanner,Smith,tanner.smith@example.com,QA Engineer,Sweden,2026-06-05
USR000728,WS0009,Melissa,Horton,melissa.horton@example.com,Business Analyst,Mexico,2023-01-26
USR000729,WS0002,Jessica,Dillon,jessica.dillon@example.com,Product Manager,Guinea-Bissau,2024-02-21
USR000730,WS0015,Alexis,Campbell,alexis.campbell@example.com,Software Engineer,Angola,2025-09-14
USR000731,WS0003,Justin,Johns,justin.johns@example.com,UI/UX Designer,Saint Helena,2024-11-24
USR000732,WS0020,Colin,Bailey,colin.bailey@example.com,Software Engineer,Cape Verde,2023-07-22
USR000733,WS0011,Dawn,Williamson,dawn.williamson@example.com,UI/UX Designer,United Kingdom,2021-10-05
USR000734,WS0019,Nicole,Knox,nicole.knox@example.com,Software Engineer,Vietnam,2026-04-23
USR000735,WS0001,Eric,Williams,eric.williams@example.com,Product Manager,Sweden,2024-03-17
USR000736,WS0006,Louis,Hughes,louis.hughes@example.com,UI/UX Designer,Lithuania,2022-05-01
USR000737,WS0029,Alexander,Oconnor,alexander.oconnor@example.com,Engineering Manager,American Samoa,2024-08-12
USR000738,WS0028,Amanda,Gonzalez,amanda.gonzalez@example.com,Product Owner,Bhutan,2024-12-17
USR000739,WS0023,Amanda,Bryan,amanda.bryan@example.com,Engineering Manager,Cocos (Keeling) Islands,2021-09-11
USR000740,WS0026,Jonathon,Riley,jonathon.riley@example.com,Software Engineer,Dominican Republic,2024-03-19
USR000741,WS0021,Leah,Scott,leah.scott@example.com,Engineering Manager,Mongolia,2022-06-17
USR000742,WS0022,David,Lawrence,david.lawrence@example.com,Software Engineer,Myanmar,2025-07-28
USR000743,WS0022,Taylor,Williams,taylor.williams@example.com,Product Manager,Palau,2025-09-02
USR000744,WS0001,Jessica,Powell,jessica.powell@example.com,Engineering Manager,Portugal,2022-03-27
USR000745,WS0019,Jessica,Green,jessica.green@example.com,QA Engineer,Honduras,2026-04-04
USR000746,WS0027,Kaitlin,Reyes,kaitlin.reyes@example.com,Data Analyst,Iceland,2023-03-28
USR000747,WS0001,Kristy,Brown,kristy.brown@example.com,Product Manager,Italy,2022-05-19
USR000748,WS0016,Jeffrey,Rodgers,jeffrey.rodgers@example.com,UI/UX Designer,Australia,2025-04-05
USR000749,WS0004,Barbara,Chase,barbara.chase@example.com,Engineering Manager,Somalia,2026-04-12
USR000750,WS0024,Jenny,Arnold,jenny.arnold@example.com,Engineering Manager,Turks and Caicos Islands,2022-11-27
USR000751,WS0015,Tammy,Perez,tammy.perez@example.com,Software Engineer,Greece,2025-12-27
USR000752,WS0012,Stephanie,Walker,stephanie.walker@example.com,Product Manager,Kuwait,2024-04-25
USR000753,WS0012,Andrea,Anderson,andrea.anderson@example.com,Engineering Manager,Reunion,2025-01-14
USR000754,WS0030,Timothy,Diaz,timothy.diaz@example.com,Business Analyst,Martinique,2023-11-06
USR000755,WS0019,Jerry,Williams,jerry.williams@example.com,UI/UX Designer,Czech Republic,2023-06-15
USR000756,WS0008,Kelly,Lindsey,kelly.lindsey@example.com,QA Engineer,Lesotho,2026-07-10
USR000757,WS0001,Daniel,Flynn,daniel.flynn@example.com,UI/UX Designer,United States Virgin Islands,2024-03-06
USR000758,WS0015,Holly,Holmes,holly.holmes@example.com,Software Engineer,Swaziland,2022-11-24
USR000759,WS0024,Donna,Thomas,donna.thomas@example.com,Product Owner,Swaziland,2024-01-21
USR000760,WS0021,Sydney,Riley,sydney.riley@example.com,UI/UX Designer,British Indian Ocean Territory (Chagos Archipelago),2025-04-13
USR000761,WS0021,Sarah,Woods,sarah.woods@example.com,Engineering Manager,Chile,2025-09-14
USR000762,WS0001,Claudia,Gomez,claudia.gomez@example.com,Data Analyst,Cote d'Ivoire,2023-10-08
USR000763,WS0026,Anna,Molina,anna.molina@example.com,Product Manager,Gabon,2024-02-07
USR000764,WS0015,Cheyenne,Nguyen,cheyenne.nguyen@example.com,Product Owner,Sudan,2025-09-09
USR000765,WS0022,Christopher,Mason,christopher.mason@example.com,Data Analyst,Guyana,2022-10-28
USR000766,WS0006,Madison,Green,madison.green@example.com,Engineering Manager,Falkland Islands (Malvinas),2024-10-03
USR000767,WS0003,Linda,Zuniga,linda.zuniga@example.com,Product Manager,Reunion,2023-03-29
USR000768,WS0021,Nathan,Brewer,nathan.brewer@example.com,Data Analyst,British Indian Ocean Territory (Chagos Archipelago),2023-05-12
USR000769,WS0025,Kristin,Wilkinson,kristin.wilkinson@example.com,Software Engineer,Saint Martin,2024-04-03
USR000770,WS0016,Yolanda,Lopez,yolanda.lopez@example.com,Software Engineer,Venezuela,2021-12-18
USR000771,WS0001,Alicia,Sandoval,alicia.sandoval@example.com,Business Analyst,Guinea,2024-01-14
USR000772,WS0021,Kenneth,Rubio,kenneth.rubio@example.com,Software Engineer,Tunisia,2023-04-27
USR000773,WS0004,Michelle,Ortiz,michelle.ortiz@example.com,Data Analyst,Turkey,2022-07-04
USR000774,WS0011,Jessica,Manning,jessica.manning@example.com,UI/UX Designer,Tuvalu,2025-11-17
USR000775,WS0005,Henry,Wright,henry.wright@example.com,Business Analyst,Ghana,2023-09-26
USR000776,WS0028,Todd,Brown,todd.brown@example.com,Data Analyst,Northern Mariana Islands,2022-01-26
USR000777,WS0025,Christian,Garcia,christian.garcia@example.com,Business Analyst,Venezuela,2025-05-09
USR000778,WS0011,Zachary,Buchanan,zachary.buchanan@example.com,Data Analyst,Djibouti,2025-05-01
USR000779,WS0025,Michael,Daniel,michael.daniel@example.com,Product Owner,Colombia,2023-02-03
USR000780,WS0006,Heather,Gonzalez,heather.gonzalez@example.com,Product Owner,Timor-Leste,2024-07-03
USR000781,WS0026,Lindsay,Aguilar,lindsay.aguilar@example.com,UI/UX Designer,Liberia,2023-06-27
USR000782,WS0028,Monica,Gonzales,monica.gonzales@example.com,Software Engineer,Kazakhstan,2025-05-01
USR000783,WS0021,Robert,Campbell,robert.campbell@example.com,Software Engineer,Luxembourg,2022-06-21
USR000784,WS0006,John,Patterson,john.patterson@example.com,UI/UX Designer,Kyrgyz Republic,2024-03-07
USR000785,WS0014,Linda,Jones,linda.jones@example.com,Engineering Manager,Papua New Guinea,2022-01-29
USR000786,WS0013,Shane,Thomas,shane.thomas@example.com,Data Analyst,Fiji,2025-08-06
USR000787,WS0010,Crystal,Martin,crystal.martin@example.com,Engineering Manager,Ireland,2021-11-18
USR000788,WS0003,Scott,Hernandez,scott.hernandez@example.com,Engineering Manager,Guam,2026-04-20
USR000789,WS0007,Kimberly,Jimenez,kimberly.jimenez@example.com,Business Analyst,Cyprus,2026-05-16
USR000790,WS0008,Ashlee,Weeks,ashlee.weeks@example.com,Engineering Manager,Spain,2025-09-25
USR000791,WS0030,John,Johnson,john.johnson@example.com,Product Manager,Palau,2021-12-13
USR000792,WS0026,Krystal,Elliott,krystal.elliott@example.com,Software Engineer,British Virgin Islands,2024-07-29
USR000793,WS0024,Crystal,Bennett,crystal.bennett@example.com,Engineering Manager,Suriname,2025-12-04
USR000794,WS0025,Heather,Hall,heather.hall@example.com,Engineering Manager,Swaziland,2025-05-03
USR000795,WS0029,Kerri,Bradford,kerri.bradford@example.com,Data Analyst,Cayman Islands,2022-01-15
USR000796,WS0009,Erika,Carr,erika.carr@example.com,UI/UX Designer,Cook Islands,2021-10-20
USR000797,WS0012,Patrick,Ortega,patrick.ortega@example.com,Engineering Manager,Burkina Faso,2021-09-02
USR000798,WS0022,Valerie,Hanna,valerie.hanna@example.com,Data Analyst,French Southern Territories,2025-01-26
USR000799,WS0014,Kelly,Jones,kelly.jones@example.com,Product Manager,Heard Island and McDonald Islands,2022-01-02
USR000800,WS0013,William,Simpson,william.simpson@example.com,Product Manager,Poland,2022-12-06
